"levelSim","level","slopeMeanCurve","slopeMeanCurveOrig","meanSlopeCurves","sObs","shannon","simpson"
"10","San Andrés y Providencia","0.0501795707127338","0.0982192143938539","0.067613734015868","53","-3.21769330689878","0.0615530802037774"
"10","La Guajira","0.02502996109885","0.0474567212861988","0.030822201699898","761","-5.41177116668269","0.00707719384241915"
"10","Magdalena","0.0614356305799299","0.100397249881729","0.0720360752253327","1519","-5.61611870403119","0.0122584810629697"
"10","Atlántico","0.0670150518748867","0.126725630366381","0.0865962081917002","382","-5.34263472411453","0.00654022021078144"
"10","Bolívar","0.190988310216937","0.269806416969945","0.216178531134699","694","-5.43557877789829","0.0220619170796114"
"10","Cesar","0.180852450060687","0.276412197905587","0.215101885247907","542","-5.67331379258475","0.00883127696529042"
"10","Córdoba","0.035385619784794","0.0622757418902209","0.0424289043655116","821","-5.56156319452327","0.00569944644131796"
"10","Sucre","0.116256075753221","0.170781709223559","0.132701133138165","430","-4.47881650131887","0.0526440714564526"
"10","Chocó","0.176751712011353","0.281226966671802","0.218420475070832","2374","-7.32538588658368","0.00101866365485548"
"10","Antioquia","0.0492963711324977","0.090627885720404","0.0613067357320046","8105","-7.69929024620069","0.00135068115184497"
"10","Norte de Santander","0.183684775285899","0.280116944685914","0.220600479849798","1038","-6.33871726172084","0.0038871594039412"
"10","Santander","0.152082404558015","0.241903376663919","0.186357719011286","3085","-7.30443694263481","0.00191754821561459"
"10","Boyacá","0.0975587611542017","0.169873471682107","0.122166381819939","2587","-7.12405483368593","0.00161821290847406"
"10","Arauca","0.100348535093233","0.161639365948492","0.118751324416398","628","-5.66752675598885","0.00499555570733786"
"10","Casanare","0.141346894269923","0.21070499748843","0.162107431536048","1378","-6.27984648685206","0.00498555724143865"
"10","Vichada","0.159583810359775","0.246882816560635","0.189133154764043","1428","-6.61539483403183","0.00252372610337459"
"10","Risaralda","0.119806930830965","0.196463454754184","0.145992697487775","1848","-6.72085320277359","0.00285711252703215"
"10","Caldas","0.0557028687455007","0.0954113685926881","0.0667844552101687","1837","-6.33632658423973","0.00347491001383713"
"10","Tolima","0.153247808886796","0.247652027748439","0.189624889705534","2007","-7.01579471196061","0.00189984692264145"
"10","Cundinamarca","0.0787978203989774","0.147572975636379","0.103169012206801","3924","-7.5698445885095","0.000938046689479922"
"10","Valle del Cauca","0.0691850077094504","0.118497159882817","0.0840363804552489","3801","-7.01304460044076","0.00240934690914148"
"10","Quindío","0.05922566537922","0.108135025924008","0.0746325628363401","1316","-6.05869109610608","0.00724576234136685"
"10","Meta","0.0963918970631888","0.164536486247343","0.118815358971147","3344","-7.25048952237757","0.00173649332192457"
"10","Cauca","0.136453507060283","0.215317882922497","0.163235428840828","2104","-6.88944052092321","0.00213907994053636"
"10","Huila","0.155026937371687","0.244904814746762","0.188396302434687","1403","-6.6706291058024","0.0021177122467107"
"10","Guainía","0.467578925929445","0.562643019084307","0.491909700225041","583","-6.08659394526855","0.00308876232651571"
"10","Nariño","0.00929129688063922","0.0137382803316035","0.0096465406335737","2818","-4.07966557826556","0.0486753038840027"
"10","Caquetá","0.117659136757837","0.191023421865653","0.141565053780498","3998","-7.56070329467001","0.000888271739916219"
"10","Guaviare","0.229949873955874","0.337704994136039","0.269676631851558","2066","-7.25599131939674","0.000998688837573846"
"10","Putumayo","0.324743424795192","0.428379810737499","0.359445171979432","1856","-7.15118489079424","0.00118664005069805"
"10","Vaupés","0.275148556548056","0.378747747001634","0.309686631666746","1776","-7.05242916806679","0.0013883743336883"
"10","Amazonas","0.11097400831711","0.180526863078383","0.13334118676697","3914","-7.42161522572779","0.00156820378745884"
"20","San Andrés y Providencia","0.0480818976261081","0.0981209416611605","0.0677983547999054","53","-3.21769330689878","0.0615530802037774"
"20","La Guajira","0.0235716123871341","0.0473149314505815","0.0313633084423591","761","-5.41177116668269","0.00707719384241915"
"20","Magdalena","0.0572242616094929","0.0978931530776937","0.0722123376005295","1519","-5.61611870403119","0.0122584810629697"
"20","Atlántico","0.062879781608358","0.12609721313189","0.088501524891193","382","-5.34263472411453","0.00654022021078144"
"20","Bolívar","0.186758182432979","0.264755928920664","0.216561652797278","694","-5.43557877789829","0.0220619170796114"
"20","Cesar","0.175978798577636","0.270044295933634","0.217623145766132","542","-5.67331379258475","0.00883127696529042"
"20","Córdoba","0.0332606813817665","0.0610838130272655","0.042413538159465","821","-5.56156319452327","0.00569944644131796"
"20","Sucre","0.108807585931589","0.165752563384064","0.132025013828052","430","-4.47881650131887","0.0526440714564526"
"20","Chocó","0.166505791268332","0.269087015314408","0.21696309945956","2374","-7.32538588658368","0.00101866365485548"
"20","Antioquia","0.0453927329586679","0.0881409067832531","0.0617714784516604","8105","-7.69929024620069","0.00135068115184497"
"20","Norte de Santander","0.173959460101107","0.270472135509018","0.219279231382243","1038","-6.33871726172084","0.0038871594039412"
"20","Santander","0.144390822415408","0.234484738601268","0.187404993603489","3085","-7.30443694263481","0.00191754821561459"
"20","Boyacá","0.0912656062102012","0.164531260829659","0.122459387491391","2587","-7.12405483368593","0.00161821290847406"
"20","Arauca","0.0947603956340222","0.157087162343189","0.117447051067637","628","-5.66752675598885","0.00499555570733786"
"20","Casanare","0.136779480553418","0.206645843709046","0.162338068520208","1378","-6.27984648685206","0.00498555724143865"
"20","Vichada","0.154162016862183","0.241051477244455","0.190090339954855","1428","-6.61539483403183","0.00252372610337459"
"20","Risaralda","0.114151025872845","0.191908391344628","0.147693432617075","1848","-6.72085320277359","0.00285711252703215"
"20","Caldas","0.0519062527890343","0.0932036990347156","0.0666350665335917","1837","-6.33632658423973","0.00347491001383713"
"20","Tolima","0.144762307855962","0.239016847629798","0.189117871791194","2007","-7.01579471196061","0.00189984692264145"
"20","Cundinamarca","0.0714782405556275","0.140571728660519","0.102501101026203","3924","-7.5698445885095","0.000938046689479922"
"20","Valle del Cauca","0.063864860568393","0.114231013299119","0.0836682559720539","3801","-7.01304460044076","0.00240934690914148"
"20","Quindío","0.0533727539119651","0.103778951981437","0.0740224900075129","1316","-6.05869109610608","0.00724576234136685"
"20","Meta","0.0904059644184417","0.159114599736206","0.118823188190394","3344","-7.25048952237757","0.00173649332192457"
"20","Cauca","0.129221866217605","0.209106584544803","0.162967832330554","2104","-6.88944052092321","0.00213907994053636"
"20","Huila","0.149228989745851","0.239311087765339","0.189342743913199","1403","-6.6706291058024","0.0021177122467107"
"20","Guainía","0.465124494599224","0.560633329368294","0.489686251358239","583","-6.08659394526855","0.00308876232651571"
"20","Nariño","0.00911137151082308","0.0137595849768042","0.00970698374849178","2818","-4.07966557826556","0.0486753038840027"
"20","Caquetá","0.112985803455114","0.186438096259966","0.142113514813604","3998","-7.56070329467001","0.000888271739916219"
"20","Guaviare","0.223288256437023","0.332301511725128","0.269073356093567","2066","-7.25599131939674","0.000998688837573846"
"20","Putumayo","0.320943432861026","0.424863756562073","0.358925747462063","1856","-7.15118489079424","0.00118664005069805"
"20","Vaupés","0.270816483277989","0.373747639187065","0.308734412350044","1776","-7.05242916806679","0.0013883743336883"
"20","Amazonas","0.105641382189779","0.176028259564484","0.133474550556063","3914","-7.42161522572779","0.00156820378745884"
"50","San Andrés y Providencia","0.0454473181395224","0.0986377456788611","0.0726585282541932","53","-3.21769330689878","0.0615530802037774"
"50","La Guajira","0.0209280197586893","0.0450010916548322","0.0310574565593575","761","-5.41177116668269","0.00707719384241915"
"50","Magdalena","0.0526466160961833","0.0932459305122343","0.0723309979095983","1519","-5.61611870403119","0.0122584810629697"
"50","Atlántico","0.0581141594837899","0.119791265272455","0.0865504986368368","382","-5.34263472411453","0.00654022021078144"
"50","Bolívar","0.184838046080964","0.261972532079711","0.217046666359409","694","-5.43557877789829","0.0220619170796114"
"50","Cesar","0.169960098163354","0.263101103196583","0.215813822484595","542","-5.67331379258475","0.00883127696529042"
"50","Córdoba","0.0306476850803386","0.0591882139538022","0.0422420781494737","821","-5.56156319452327","0.00569944644131796"
"50","Sucre","0.104300712127826","0.16082429517909","0.131567342481806","430","-4.47881650131887","0.0526440714564526"
"50","Chocó","0.159463917495946","0.260072985051289","0.21644064367642","2374","-7.32538588658368","0.00101866365485548"
"50","Antioquia","0.0404717537712027","0.0831185153271564","0.0616760129163266","8105","-7.69929024620069","0.00135068115184497"
"50","Norte de Santander","0.168072546072656","0.263078683547385","0.219072541203346","1038","-6.33871726172084","0.0038871594039412"
"50","Santander","0.137235178600726","0.225574714959578","0.188297645661868","3085","-7.30443694263481","0.00191754821561459"
"50","Boyacá","0.0854446331679728","0.157524455148781","0.122455036508951","2587","-7.12405483368593","0.00161821290847406"
"50","Arauca","0.0919024890531763","0.153373045915842","0.117210069270433","628","-5.66752675598885","0.00499555570733786"
"50","Casanare","0.133730180844612","0.203086820837324","0.162156224477599","1378","-6.27984648685206","0.00498555724143865"
"50","Vichada","0.149888339159981","0.236085694735939","0.189580605156856","1428","-6.61539483403183","0.00252372610337459"
"50","Risaralda","0.10787669946908","0.184411374794557","0.147216774593705","1848","-6.72085320277359","0.00285711252703215"
"50","Caldas","0.0484480327019257","0.0899337151641376","0.0669006736271704","1837","-6.33632658423973","0.00347491001383713"
"50","Tolima","0.138602763542119","0.231905371611425","0.190112470898757","2007","-7.01579471196061","0.00189984692264145"
"50","Cundinamarca","0.0643773670495816","0.132112194988523","0.102929122415868","3924","-7.5698445885095","0.000938046689479922"
"50","Valle del Cauca","0.0589419407593211","0.108869987960973","0.0840740563490771","3801","-7.01304460044076","0.00240934690914148"
"50","Quindío","0.0485099430845385","0.0978845755652515","0.0745249871935124","1316","-6.05869109610608","0.00724576234136685"
"50","Meta","0.0855694329803764","0.153644716401435","0.119242047172964","3344","-7.25048952237757","0.00173649332192457"
"50","Cauca","0.124670354819654","0.202789331871588","0.162776208656614","2104","-6.88944052092321","0.00213907994053636"
"50","Huila","0.142505580850413","0.231186670187205","0.187592233247734","1403","-6.6706291058024","0.0021177122467107"
"50","Guainía","0.466294273707936","0.561450122994902","0.491382859130672","583","-6.08659394526855","0.00308876232651571"
"50","Nariño","0.00860368152843865","0.0135113053262071","0.00969064980974334","2818","-4.07966557826556","0.0486753038840027"
"50","Caquetá","0.108549160498143","0.181086936390664","0.141866477229508","3998","-7.56070329467001","0.000888271739916219"
"50","Guaviare","0.220710509327989","0.328814403041309","0.269272355252528","2066","-7.25599131939674","0.000998688837573846"
"50","Putumayo","0.319637516839403","0.424512602147695","0.358679866104973","1856","-7.15118489079424","0.00118664005069805"
"50","Vaupés","0.269560575505029","0.373011295469525","0.309025129635932","1776","-7.05242916806679","0.0013883743336883"
"50","Amazonas","0.101671638006331","0.171000087174311","0.133713712328116","3914","-7.42161522572779","0.00156820378745884"
"100","San Andrés y Providencia","0.0434158440334718","0.0952249735676626","0.071544180149095","53","-3.21769330689878","0.0615530802037774"
"100","La Guajira","0.0194718603365298","0.0436324944099983","0.0310962212361199","761","-5.41177116668269","0.00707719384241915"
"100","Magdalena","0.0502309552417641","0.0900821301375343","0.0723883453738494","1519","-5.61611870403119","0.0122584810629697"
"100","Atlántico","0.0564220579934578","0.117521814101042","0.0864629088452228","382","-5.34263472411453","0.00654022021078144"
"100","Bolívar","0.184391276572621","0.261779104523217","0.216917244814819","694","-5.43557877789829","0.0220619170796114"
"100","Cesar","0.169910410453782","0.263140498387239","0.217683432355765","542","-5.67331379258475","0.00883127696529042"
"100","Córdoba","0.0296763864005975","0.0577411588008945","0.0424191217782931","821","-5.56156319452327","0.00569944644131796"
"100","Sucre","0.102831669849724","0.158362328867994","0.130835786546017","430","-4.47881650131887","0.0526440714564526"
"100","Chocó","0.157581839704465","0.257460499320833","0.216536616025678","2374","-7.32538588658368","0.00101866365485548"
"100","Antioquia","0.0379184967126721","0.0794448882156525","0.0617404895079945","8105","-7.69929024620069","0.00135068115184497"
"100","Norte de Santander","0.166890042661486","0.261148228243623","0.218370144335583","1038","-6.33871726172084","0.0038871594039412"
"100","Santander","0.134543445222939","0.221646537081799","0.188160997905494","3085","-7.30443694263481","0.00191754821561459"
"100","Boyacá","0.0834082200170776","0.154328817112478","0.122591650872388","2587","-7.12405483368593","0.00161821290847406"
"100","Arauca","0.0918537004446629","0.152365077527894","0.117217905651424","628","-5.66752675598885","0.00499555570733786"
"100","Casanare","0.133343739721591","0.202527426809505","0.161939682534691","1378","-6.27984648685206","0.00498555724143865"
"100","Vichada","0.149221020798279","0.235361071672683","0.189160448461052","1428","-6.61539483403183","0.00252372610337459"
"100","Risaralda","0.106463202312802","0.181748297912763","0.147287966953358","1848","-6.72085320277359","0.00285711252703215"
"100","Caldas","0.046985721635702","0.087503591242875","0.0668757475167499","1837","-6.33632658423973","0.00347491001383713"
"100","Tolima","0.137001912284519","0.229487019628237","0.190549509863998","2007","-7.01579471196061","0.00189984692264145"
"100","Cundinamarca","0.0606598571630164","0.126270697971196","0.102473274255231","3924","-7.5698445885095","0.000938046689479922"
"100","Valle del Cauca","0.0563043571045197","0.105248662536164","0.0840922932388505","3801","-7.01304460044076","0.00240934690914148"
"100","Quindío","0.0455637579007497","0.0934801989564988","0.0743754763206077","1316","-6.05869109610608","0.00724576234136685"
"100","Meta","0.0839508927783241","0.151106855843008","0.11953638708279","3344","-7.25048952237757","0.00173649332192457"
"100","Cauca","0.123671547035473","0.201308536677646","0.162687394505097","2104","-6.88944052092321","0.00213907994053636"
"100","Huila","0.141555134026737","0.23008546070132","0.188019095312656","1403","-6.6706291058024","0.0021177122467107"
"100","Guainía","0.465348893152573","0.560075136203321","0.48956738321805","583","-6.08659394526855","0.00308876232651571"
"100","Nariño","0.00814204116104804","0.0132587686646559","0.00970877074066195","2818","-4.07966557826556","0.0486753038840027"
"100","Caquetá","0.107506595583394","0.179704432161681","0.141748737669389","3998","-7.56070329467001","0.000888271739916219"
"100","Guaviare","0.220316698935884","0.328370422376433","0.268639063240044","2066","-7.25599131939674","0.000998688837573846"
"100","Putumayo","0.319844485441785","0.424739763940284","0.359152759063351","1856","-7.15118489079424","0.00118664005069805"
"100","Vaupés","0.269950727707997","0.372922325584723","0.309435954241865","1776","-7.05242916806679","0.0013883743336883"
"100","Amazonas","0.100527913850896","0.1693165293297","0.133506204116193","3914","-7.42161522572779","0.00156820378745884"
"200","San Andrés y Providencia","0.0421689690825084","0.0932446469670736","0.0716063198214496","53","-3.21769330689878","0.0615530802037774"
"200","La Guajira","0.0183685568706079","0.0420254532707202","0.0310817520458404","761","-5.41177116668269","0.00707719384241915"
"200","Magdalena","0.0488012800961416","0.0879617915533795","0.0719069927543949","1519","-5.61611870403119","0.0122584810629697"
"200","Atlántico","0.0563007761218496","0.1168971109109","0.0869886594725215","382","-5.34263472411453","0.00654022021078144"
"200","Bolívar","0.184098198963367","0.261901401104353","0.216743144456343","694","-5.43557877789829","0.0220619170796114"
"200","Cesar","0.169608838586474","0.262663405038567","0.216490572572371","542","-5.67331379258475","0.00883127696529042"
"200","Córdoba","0.0289037973797629","0.0566644548011536","0.0423250003947369","821","-5.56156319452327","0.00569944644131796"
"200","Sucre","0.102207506152245","0.157754731339","0.130323853167207","430","-4.47881650131887","0.0526440714564526"
"200","Chocó","0.157247988917729","0.25733103797916","0.217161355298451","2374","-7.32538588658368","0.00101866365485548"
"200","Antioquia","0.0360864011576245","0.0764400945016574","0.0617371061552443","8105","-7.69929024620069","0.00135068115184497"
"200","Norte de Santander","0.16716828779897","0.26115189672331","0.218817416767142","1038","-6.33871726172084","0.0038871594039412"
"200","Santander","0.133867070579972","0.22069818881845","0.188156825470552","3085","-7.30443694263481","0.00191754821561459"
"200","Boyacá","0.0828589428304654","0.153398407325351","0.122554898896657","2587","-7.12405483368593","0.00161821290847406"
"200","Arauca","0.0916389962282093","0.15226745159825","0.117137544864748","628","-5.66752675598885","0.00499555570733786"
"200","Casanare","0.133327663800244","0.202527482034509","0.161979486148823","1378","-6.27984648685206","0.00498555724143865"
"200","Vichada","0.14920091025395","0.235405891480682","0.189305410394669","1428","-6.61539483403183","0.00252372610337459"
"200","Risaralda","0.106066593120888","0.181328890133888","0.147313082309557","1848","-6.72085320277359","0.00285711252703215"
"200","Caldas","0.0461392688573267","0.0863826409436019","0.0668499080072138","1837","-6.33632658423973","0.00347491001383713"
"200","Tolima","0.136533764651456","0.228945984930549","0.189721619518652","2007","-7.01579471196061","0.00189984692264145"
"200","Cundinamarca","0.0586530245759393","0.123046229805543","0.102727113806569","3924","-7.5698445885095","0.000938046689479922"
"200","Valle del Cauca","0.0549121803858781","0.10304002966574","0.0840864862407513","3801","-7.01304460044076","0.00240934690914148"
"200","Quindío","0.0435520556884903","0.0903961278669443","0.0744989456031603","1316","-6.05869109610608","0.00724576234136685"
"200","Meta","0.0832477796990831","0.150266478581582","0.119147633138697","3344","-7.25048952237757","0.00173649332192457"
"200","Cauca","0.123618977419517","0.201136092242956","0.162762268392081","2104","-6.88944052092321","0.00213907994053636"
"200","Huila","0.141343519935626","0.229934660810989","0.188219478262304","1403","-6.6706291058024","0.0021177122467107"
"200","Guainía","0.465935989111972","0.560946616084208","0.49065305472646","583","-6.08659394526855","0.00308876232651571"
"200","Nariño","0.00761052545179863","0.0128409747606447","0.0096831105133654","2818","-4.07966557826556","0.0486753038840027"
"200","Caquetá","0.107470922244957","0.179544471909213","0.141860502697109","3998","-7.56070329467001","0.000888271739916219"
"200","Guaviare","0.220123791845595","0.328282238429597","0.268301346739526","2066","-7.25599131939674","0.000998688837573846"
"200","Putumayo","0.319345316541191","0.424050422034453","0.357887646026736","1856","-7.15118489079424","0.00118664005069805"
"200","Vaupés","0.269791079579574","0.372697040012374","0.309034965525941","1776","-7.05242916806679","0.0013883743336883"
"200","Amazonas","0.10036798088998","0.169105921870054","0.133506129468521","3914","-7.42161522572779","0.00156820378745884"
"500","San Andrés y Providencia","0.0422489013219591","0.093022052113484","0.0711392139203028","53","-3.21769330689878","0.0615530802037774"
"500","La Guajira","0.0178457297482007","0.0408956207108528","0.0311378900843122","761","-5.41177116668269","0.00707719384241915"
"500","Magdalena","0.048386640905669","0.0873272296066729","0.0721365226694975","1519","-5.61611870403119","0.0122584810629697"
"500","Atlántico","0.0562091775558483","0.116695245472187","0.0868675639546316","382","-5.34263472411453","0.00654022021078144"
"500","Bolívar","0.184106332049065","0.261945113013066","0.21679018201425","694","-5.43557877789829","0.0220619170796114"
"500","Cesar","0.169614434453654","0.262598413729217","0.216345388661148","542","-5.67331379258475","0.00883127696529042"
"500","Córdoba","0.0287239090023069","0.0562209862411814","0.0423789966501765","821","-5.56156319452327","0.00569944644131796"
"500","Sucre","0.102069460513059","0.158003657605456","0.13067681396696","430","-4.47881650131887","0.0526440714564526"
"500","Chocó","0.15719370021461","0.257195609618378","0.216741782477768","2374","-7.32538588658368","0.00101866365485548"
"500","Antioquia","0.0349467596892104","0.0744902198467191","0.0617166868802225","8105","-7.69929024620069","0.00135068115184497"
"500","Norte de Santander","0.167106792802755","0.261280538959378","0.219068528818753","1038","-6.33871726172084","0.0038871594039412"
"500","Santander","0.133780067876217","0.220652225309591","0.187967643814184","3085","-7.30443694263481","0.00191754821561459"
"500","Boyacá","0.0827366986777144","0.153288025013407","0.1224735849401","2587","-7.12405483368593","0.00161821290847406"
"500","Arauca","0.0917865846577265","0.152501540881738","0.117663421911819","628","-5.66752675598885","0.00499555570733786"
"500","Casanare","0.133365090659358","0.202504962621008","0.16195951149455","1378","-6.27984648685206","0.00498555724143865"
"500","Vichada","0.149222490882786","0.23535283511237","0.189215196369132","1428","-6.61539483403183","0.00252372610337459"
"500","Risaralda","0.106041909297075","0.181272474106536","0.14722788209964","1848","-6.72085320277359","0.00285711252703215"
"500","Caldas","0.0460043123548075","0.0861050826471975","0.0667633219112008","1837","-6.33632658423973","0.00347491001383713"
"500","Tolima","0.136508532124748","0.229045140435463","0.189982137956223","2007","-7.01579471196061","0.00189984692264145"
"500","Cundinamarca","0.0579237888314646","0.121743070558014","0.102648859079287","3924","-7.5698445885095","0.000938046689479922"
"500","Valle del Cauca","0.054641349282167","0.102426286762943","0.084122855592871","3801","-7.01304460044076","0.00240934690914148"
"500","Quindío","0.0425539191680966","0.088586878598604","0.0742021519196039","1316","-6.05869109610608","0.00724576234136685"
"500","Meta","0.0833400941100877","0.150235690003045","0.119253600969241","3344","-7.25048952237757","0.00173649332192457"
"500","Cauca","0.12355230086597","0.201109966748211","0.162697649381592","2104","-6.88944052092321","0.00213907994053636"
"500","Huila","0.141317570029068","0.229891002548547","0.188081133846688","1403","-6.6706291058024","0.0021177122467107"
"500","Guainía","0.46574032839695","0.561016403112312","0.490520327928701","583","-6.08659394526855","0.00308876232651571"
"500","Nariño","0.00708523931917159","0.0122649163486761","0.00968009260117774","2818","-4.07966557826556","0.0486753038840027"
"500","Caquetá","0.107482976571729","0.179615882174754","0.141994318364806","3998","-7.56070329467001","0.000888271739916219"
"500","Guaviare","0.220155554702447","0.328329999433473","0.2684373243715","2066","-7.25599131939674","0.000998688837573846"
"500","Putumayo","0.319658306568089","0.424670097297672","0.358909694080042","1856","-7.15118489079424","0.00118664005069805"
"500","Vaupés","0.269860911188689","0.372667896756929","0.309043974318912","1776","-7.05242916806679","0.0013883743336883"
"500","Amazonas","0.100429246938763","0.169087712389129","0.133547838182008","3914","-7.42161522572779","0.00156820378745884"
"1000","San Andrés y Providencia","0.0421467324422108","0.0930950006645185","0.0713826569085849","53","-3.21769330689878","0.0615530802037774"
"1000","La Guajira","0.0177637793679023","0.0406989591378944","0.0310941581783944","761","-5.41177116668269","0.00707719384241915"
"1000","Magdalena","0.0483890468954432","0.0872804582965427","0.0720465529781818","1519","-5.61611870403119","0.0122584810629697"
"1000","Atlántico","0.0561156344353172","0.116718669736282","0.0868737065678329","382","-5.34263472411453","0.00654022021078144"
"1000","Bolívar","0.184121915936203","0.261778975040206","0.216646280112849","694","-5.43557877789829","0.0220619170796114"
"1000","Cesar","0.169471326854978","0.262647962832282","0.216447363046585","542","-5.67331379258475","0.00883127696529042"
"1000","Córdoba","0.0286915110605129","0.0562264170624461","0.0423784376248467","821","-5.56156319452327","0.00569944644131796"
"1000","Sucre","0.102237004024706","0.157946591636335","0.130765269364569","430","-4.47881650131887","0.0526440714564526"
"1000","Chocó","0.157185189997295","0.257147040082467","0.216571556389307","2374","-7.32538588658368","0.00101866365485548"
"1000","Antioquia","0.0347872271998438","0.0742156483517014","0.0617138839942945","8105","-7.69929024620069","0.00135068115184497"
"1000","Norte de Santander","0.167219529993352","0.261288731490204","0.219159341581294","1038","-6.33871726172084","0.0038871594039412"
"1000","Santander","0.133767502663207","0.22069132505351","0.188092548319088","3085","-7.30443694263481","0.00191754821561459"
"1000","Boyacá","0.0827230266001421","0.153315815060627","0.122559671562911","2587","-7.12405483368593","0.00161821290847406"
"1000","Arauca","0.0915740493539804","0.152394269226203","0.117253492086449","628","-5.66752675598885","0.00499555570733786"
"1000","Casanare","0.133468297524748","0.202541002766216","0.162115485290481","1378","-6.27984648685206","0.00498555724143865"
"1000","Vichada","0.149265040082231","0.235213645154707","0.189012070262757","1428","-6.61539483403183","0.00252372610337459"
"1000","Risaralda","0.105981112446885","0.181251920282123","0.147119962700823","1848","-6.72085320277359","0.00285711252703215"
"1000","Caldas","0.0460238616900386","0.0860975853349197","0.0667715159223707","1837","-6.33632658423973","0.00347491001383713"
"1000","Tolima","0.136569802764311","0.22903319276973","0.190028595380868","2007","-7.01579471196061","0.00189984692264145"
"1000","Cundinamarca","0.0578595181834412","0.121714799702935","0.102643661884764","3924","-7.5698445885095","0.000938046689479922"
"1000","Valle del Cauca","0.0545668013164809","0.102428184492374","0.0840832893447177","3801","-7.01304460044076","0.00240934690914148"
"1000","Quindío","0.042474506013301","0.0884828963790004","0.0742643764324735","1316","-6.05869109610608","0.00724576234136685"
"1000","Meta","0.0833385508195171","0.15026422600054","0.119317946964487","3344","-7.25048952237757","0.00173649332192457"
"1000","Cauca","0.123523210214063","0.201190939657969","0.162825055255561","2104","-6.88944052092321","0.00213907994053636"
"1000","Huila","0.141399677458571","0.229748431314429","0.187812963410142","1403","-6.6706291058024","0.0021177122467107"
"1000","Guainía","0.466001665551724","0.560777381477958","0.490643057105378","583","-6.08659394526855","0.00308876232651571"
"1000","Nariño","0.00685538451413974","0.0119402096688024","0.00968439325241726","2818","-4.07966557826556","0.0486753038840027"
"1000","Caquetá","0.107450486303045","0.179567897114298","0.141871828026071","3998","-7.56070329467001","0.000888271739916219"
"1000","Guaviare","0.220057307227592","0.328318497192822","0.268317009357987","2066","-7.25599131939674","0.000998688837573846"
"1000","Putumayo","0.319532743553866","0.424496254820852","0.358583827477927","1856","-7.15118489079424","0.00118664005069805"
"1000","Vaupés","0.269883596571373","0.372682158362984","0.309082582403644","1776","-7.05242916806679","0.0013883743336883"
"1000","Amazonas","0.100370982262137","0.169164834999113","0.133646231593901","3914","-7.42161522572779","0.00156820378745884"
"2000","San Andrés y Providencia","0.0422408455021086","0.0930681868330534","0.0716555445884856","53","-3.21769330689878","0.0615530802037774"
"2000","La Guajira","0.0177418391869129","0.04069545512707","0.0310887663229229","761","-5.41177116668269","0.00707719384241915"
"2000","Magdalena","0.048362406721737","0.0873144049691919","0.0721115565360047","1519","-5.61611870403119","0.0122584810629697"
"2000","Atlántico","0.0561359483997979","0.116718470022097","0.086869960997797","382","-5.34263472411453","0.00654022021078144"
"2000","Bolívar","0.184101647095049","0.261827219908456","0.21664762303038","694","-5.43557877789829","0.0220619170796114"
"2000","Cesar","0.169613668936516","0.262651255283757","0.216585132717702","542","-5.67331379258475","0.00883127696529042"
"2000","Córdoba","0.0286959034273762","0.0562368165259947","0.0424063740600888","821","-5.56156319452327","0.00569944644131796"
"2000","Sucre","0.102194505009778","0.157887850215826","0.130576112804252","430","-4.47881650131887","0.0526440714564526"
"2000","Chocó","0.157123373330265","0.257212351196665","0.216677438972855","2374","-7.32538588658368","0.00101866365485548"
"2000","Antioquia","0.0347706435079942","0.0741989408325053","0.0616872674127543","8105","-7.69929024620069","0.00135068115184497"
"2000","Norte de Santander","0.167099566243647","0.261245689111283","0.218952215547169","1038","-6.33871726172084","0.0038871594039412"
"2000","Santander","0.133763010361051","0.220707422138181","0.188142603209424","3085","-7.30443694263481","0.00191754821561459"
"2000","Boyacá","0.0827610806498093","0.15328939448775","0.12251359853595","2587","-7.12405483368593","0.00161821290847406"
"2000","Arauca","0.0916393405399828","0.152343373679664","0.117262199572005","628","-5.66752675598885","0.00499555570733786"
"2000","Casanare","0.133477462319245","0.20252478440249","0.162087707196","1378","-6.27984648685206","0.00498555724143865"
"2000","Vichada","0.149285941349623","0.235258239533101","0.189105084370494","1428","-6.61539483403183","0.00252372610337459"
"2000","Risaralda","0.106011613476053","0.181298302459256","0.147261681793274","1848","-6.72085320277359","0.00285711252703215"
"2000","Caldas","0.0460025693545758","0.0861323795559042","0.0668220348228424","1837","-6.33632658423973","0.00347491001383713"
"2000","Tolima","0.136531272557421","0.229035042039444","0.189960540854183","2007","-7.01579471196061","0.00189984692264145"
"2000","Cundinamarca","0.0578663994290444","0.12171993786526","0.102669994236849","3924","-7.5698445885095","0.000938046689479922"
"2000","Valle del Cauca","0.054565928876199","0.102415823672825","0.0840445792313836","3801","-7.01304460044076","0.00240934690914148"
"2000","Quindío","0.0424754272518865","0.0884738809282882","0.0742384855014217","1316","-6.05869109610608","0.00724576234136685"
"2000","Meta","0.0833444619310454","0.150260672922619","0.119309331873028","3344","-7.25048952237757","0.00173649332192457"
"2000","Cauca","0.123505188566251","0.201136209325637","0.162692644193205","2104","-6.88944052092321","0.00213907994053636"
"2000","Huila","0.141337009768111","0.229886950232748","0.188059401844046","1403","-6.6706291058024","0.0021177122467107"
"2000","Guainía","0.465891931175406","0.561031362878242","0.490695295611927","583","-6.08659394526855","0.00308876232651571"
"2000","Nariño","0.00674580382874998","0.0117842226370239","0.00967970269471929","2818","-4.07966557826556","0.0486753038840027"
"2000","Caquetá","0.107436434418304","0.179563655335935","0.141845107463474","3998","-7.56070329467001","0.000888271739916219"
"2000","Guaviare","0.22023733196783","0.328289463552734","0.268463912642315","2066","-7.25599131939674","0.000998688837573846"
"2000","Putumayo","0.319685549912803","0.424454106194598","0.358687809323422","1856","-7.15118489079424","0.00118664005069805"
"2000","Vaupés","0.269768799707517","0.372697254623269","0.308981280785118","1776","-7.05242916806679","0.0013883743336883"
"2000","Amazonas","0.100350888374708","0.169135030658873","0.133565488843529","3914","-7.42161522572779","0.00156820378745884"
"5000","San Andrés y Providencia","0.0422489080905872","0.0930594920336296","0.0714869695956992","53","-3.21769330689878","0.0615530802037774"
"5000","La Guajira","0.0177330640479348","0.0406916203398587","0.0310665990011477","761","-5.41177116668269","0.00707719384241915"
"5000","Magdalena","0.0483845224234838","0.0872909030296841","0.0720696077981711","1519","-5.61611870403119","0.0122584810629697"
"5000","Atlántico","0.0560819616285863","0.116690821162278","0.0867361746465581","382","-5.34263472411453","0.00654022021078144"
"5000","Bolívar","0.184156820678184","0.261895800357057","0.216821248169807","694","-5.43557877789829","0.0220619170796114"
"5000","Cesar","0.16959588568684","0.262684290184702","0.216600993843917","542","-5.67331379258475","0.00883127696529042"
"5000","Córdoba","0.0287067241378291","0.0562255351499647","0.0423946162682598","821","-5.56156319452327","0.00569944644131796"
"5000","Sucre","0.102196556660268","0.157962267901707","0.130744280626474","430","-4.47881650131887","0.0526440714564526"
"5000","Chocó","0.157164329749022","0.257195331366034","0.216673557410551","2374","-7.32538588658368","0.00101866365485548"
"5000","Antioquia","0.0347758862234494","0.0742004372783152","0.0617038391885726","8105","-7.69929024620069","0.00135068115184497"
"5000","Norte de Santander","0.167142403834322","0.26121453006895","0.218919289833447","1038","-6.33871726172084","0.0038871594039412"
"5000","Santander","0.133766996335073","0.220715680299395","0.188153729785185","3085","-7.30443694263481","0.00191754821561459"
"5000","Boyacá","0.0827329742310821","0.153295446228599","0.122495392202036","2587","-7.12405483368593","0.00161821290847406"
"5000","Arauca","0.0916435253537605","0.152417170289583","0.117379510358412","628","-5.66752675598885","0.00499555570733786"
"5000","Casanare","0.133416535129561","0.202508113355412","0.162009961718839","1378","-6.27984648685206","0.00498555724143865"
"5000","Vichada","0.149234083186036","0.235277478741066","0.189077339558495","1428","-6.61539483403183","0.00252372610337459"
"5000","Risaralda","0.106014907177296","0.181285744040988","0.14722382296133","1848","-6.72085320277359","0.00285711252703215"
"5000","Caldas","0.0459985447003772","0.0861170644349642","0.0667846096551302","1837","-6.33632658423973","0.00347491001383713"
"5000","Tolima","0.136543164793829","0.229001190710914","0.189895338928581","2007","-7.01579471196061","0.00189984692264145"
"5000","Cundinamarca","0.0578824182055979","0.121709629987977","0.102650226175232","3924","-7.5698445885095","0.000938046689479922"
"5000","Valle del Cauca","0.0545511309180968","0.102423929390757","0.0840506713439265","3801","-7.01304460044076","0.00240934690914148"
"5000","Quindío","0.0424787597509425","0.088491163502575","0.0743394596247873","1316","-6.05869109610608","0.00724576234136685"
"5000","Meta","0.0833500850691673","0.150252996352665","0.119296671511997","3344","-7.25048952237757","0.00173649332192457"
"5000","Cauca","0.123490930826828","0.201112351055743","0.162636466980758","2104","-6.88944052092321","0.00213907994053636"
"5000","Huila","0.141360286277633","0.229834003664247","0.18796631735536","1403","-6.6706291058024","0.0021177122467107"
"5000","Guainía","0.465882167617072","0.56099752648128","0.490674255450904","583","-6.08659394526855","0.00308876232651571"
"5000","Nariño","0.00672589852215046","0.0117546463506781","0.00967937484626029","2818","-4.07966557826556","0.0486753038840027"
"5000","Caquetá","0.107459899626869","0.179578507904927","0.141901057599117","3998","-7.56070329467001","0.000888271739916219"
"5000","Guaviare","0.220241012678254","0.328256999086984","0.268428099388125","2066","-7.25599131939674","0.000998688837573846"
"5000","Putumayo","0.319677193861056","0.424475804909211","0.358701710372846","1856","-7.15118489079424","0.00118664005069805"
"5000","Vaupés","0.269788193523423","0.37261687356233","0.308909386616368","1776","-7.05242916806679","0.0013883743336883"
"5000","Amazonas","0.100360888656711","0.169136093515447","0.133575254079303","3914","-7.42161522572779","0.00156820378745884"
"10000","San Andrés y Providencia","0.0421803925866654","0.0931196102603521","0.071606784077077","53","-3.21769330689878","0.0615530802037774"
"10000","La Guajira","0.0177416565664402","0.0406934298598859","0.0310830384304899","761","-5.41177116668269","0.00707719384241915"
"10000","Magdalena","0.0483757688069977","0.0872886050679564","0.0720479670471076","1519","-5.61611870403119","0.0122584810629697"
"10000","Atlántico","0.0561202309195259","0.116688366075581","0.0867875638892136","382","-5.34263472411453","0.00654022021078144"
"10000","Bolívar","0.184045952194727","0.261879772471579","0.216683432138754","694","-5.43557877789829","0.0220619170796114"
"10000","Cesar","0.169560989732956","0.262692540909754","0.216588275966817","542","-5.67331379258475","0.00883127696529042"
"10000","Córdoba","0.0287006951592893","0.0562296020901985","0.042397597962875","821","-5.56156319452327","0.00569944644131796"
"10000","Sucre","0.102160442149479","0.157945589529705","0.130656863098691","430","-4.47881650131887","0.0526440714564526"
"10000","Chocó","0.157157593954279","0.257195739319375","0.216676104882142","2374","-7.32538588658368","0.00101866365485548"
"10000","Antioquia","0.0347753877900071","0.0741996331399629","0.0616977690532605","8105","-7.69929024620069","0.00135068115184497"
"10000","Norte de Santander","0.167124401916487","0.26121385041996","0.218896583815711","1038","-6.33871726172084","0.0038871594039412"
"10000","Santander","0.133762463214506","0.220710876499372","0.188140588899523","3085","-7.30443694263481","0.00191754821561459"
"10000","Boyacá","0.0827354950590129","0.153307989575479","0.12253139369083","2587","-7.12405483368593","0.00161821290847406"
"10000","Arauca","0.0916326627309744","0.152406115948656","0.117354747671867","628","-5.66752675598885","0.00499555570733786"
"10000","Casanare","0.133448174766413","0.202537040390157","0.162082045123539","1378","-6.27984648685206","0.00498555724143865"
"10000","Vichada","0.149214164994467","0.235273309728126","0.189053354809983","1428","-6.61539483403183","0.00252372610337459"
"10000","Risaralda","0.106007334510905","0.181261189505641","0.147151965835064","1848","-6.72085320277359","0.00285711252703215"
"10000","Caldas","0.0460062624264321","0.0861165831526594","0.0667931982058711","1837","-6.33632658423973","0.00347491001383713"
"10000","Tolima","0.136560003252129","0.229031094774993","0.190001985778864","2007","-7.01579471196061","0.00189984692264145"
"10000","Cundinamarca","0.0578881297273955","0.12171084505737","0.102659693327136","3924","-7.5698445885095","0.000938046689479922"
"10000","Valle del Cauca","0.0545662222690812","0.102426020935089","0.0840772813391242","3801","-7.01304460044076","0.00240934690914148"
"10000","Quindío","0.0424950335422006","0.0884879254560372","0.0743418529915493","1316","-6.05869109610608","0.00724576234136685"
"10000","Meta","0.0833435657159833","0.150259354345997","0.119304132951131","3344","-7.25048952237757","0.00173649332192457"
"10000","Cauca","0.123502226672558","0.20114726126713","0.162714360118282","2104","-6.88944052092321","0.00213907994053636"
"10000","Huila","0.141342361242176","0.229844919521204","0.187961650497747","1403","-6.6706291058024","0.0021177122467107"
"10000","Guainía","0.465798687738796","0.560898180360604","0.490517508469156","583","-6.08659394526855","0.00308876232651571"
"10000","Nariño","0.00672389820275321","0.0117552100192111","0.00967859761339649","2818","-4.07966557826556","0.0486753038840027"
"10000","Caquetá","0.107430592712039","0.179587818936862","0.141887772798449","3998","-7.56070329467001","0.000888271739916219"
"10000","Guaviare","0.220198018933416","0.328276864834079","0.268411999921447","2066","-7.25599131939674","0.000998688837573846"
"10000","Putumayo","0.319620540175425","0.424466958609979","0.358628452129293","1856","-7.15118489079424","0.00118664005069805"
"10000","Vaupés","0.269822861552532","0.372643355087102","0.308973676476177","1776","-7.05242916806679","0.0013883743336883"
"10000","Amazonas","0.100360883583049","0.169134027419627","0.133571167841763","3914","-7.42161522572779","0.00156820378745884"
